,Actor_ID,Actors
0,35,Chris Pratt
1,200,Vin Diesel
2,23,Bradley Cooper
3,153,Noomi Rapace
4,126,Logan Marshall-Green
5,137,Michael Fassbender
6,80,James McAvoy
7,13,Anya Taylor-Joy
8,70,Haley Lu Richardson
9,136,Matthew McConaughey
10,163,Reese Witherspoon
11,177,Seth MacFarlane
12,202,Will Smith
13,86,Jared Leto
14,130,Margot Robbie
15,135,Matt Damon
16,190,Tian Jing
17,203,Willem Dafoe
18,170,Ryan Gosling
19,59,Emma Stone
20,168,Rosemarie DeWitt
21,29,Charlie Hunnam
22,165,Robert Pattinson
23,179,Sienna Miller
24,94,Jennifer Lawrence
25,35,Chris Pratt
26,141,Michael Sheen
27,49,Eddie Redmayne
28,109,Katherine Waterston
29,7,Alison Sudol
30,186,Taraji P. Henson
31,154,Octavia Spencer
32,83,Janelle Monáe
33,62,Felicity Jones
34,45,Diego Luna
35,3,Alan Tudyk
36,14,Auli'i Cravalho
37,47,Dwayne Johnson
38,160,Rachel House
39,12,Anne Hathaway
40,88,Jason Sudeikis
41,15,Austin Stowell
42,127,Louis C.K.
43,60,Eric Stonestreet
44,114,Kevin Hart
45,9,Andrew Garfield
46,173,Sam Worthington
47,128,Luke Bracey
48,135,Matt Damon
49,194,Tommy Lee Jones
50,6,Alicia Vikander
51,43,Dev Patel
52,152,Nicole Kidman
53,166,Rooney Mara
54,8,Amy Adams
55,96,Jeremy Renner
56,63,Forest Whitaker
57,136,Matthew McConaughey
58,50,Edgar Ramírez
59,27,Bryce Dallas Howard
60,28,Casey Affleck
61,143,Michelle Williams
62,119,Kyle Chandler
63,11,Anna Kendrick
64,104,Justin Timberlake
65,207,Zooey Deschanel
66,124,Liam Hemsworth
67,89,Jeff Goldblum
68,21,Bill Pullman
69,144,Mila Kunis
70,110,Kathryn Hahn
71,115,Kristen Bell
72,137,Michael Fassbender
73,131,Marion Cotillard
74,95,Jeremy Irons
75,206,Zoey Deutch
76,79,James Franco
77,185,Tangie Ambrose
78,8,Amy Adams
79,78,Jake Gyllenhaal
80,140,Michael Shannon
81,80,James McAvoy
82,137,Michael Fassbender
83,94,Jennifer Lawrence
84,171,Ryan Reynolds
85,147,Morena Baccarin
86,184,T.J. Miller
87,146,Milla Jovovich
88,74,Iain Glen
89,5,Ali Larter
90,33,Chris Evans
91,164,Robert Downey Jr.
92,176,Scarlett Johansson
93,136,Matthew McConaughey
94,12,Anne Hathaway
95,97,Jessica Chastain
96,18,Benedict Cumberbatch
97,32,Chiwetel Ejiofor
98,161,Rachel McAdams
99,42,Denzel Washington
100,35,Chris Pratt
101,61,Ethan Hawke
102,178,Seth Rogen
103,117,Kristen Wiig
104,101,Jonah Hill
105,129,Mahershala Ali
106,148,Naomie Harris
107,196,Trevante Rhodes
108,138,Michael Keaton
109,151,Nick Offerman
110,99,John Carroll Lynch
111,64,Gabriel Chavarria
112,41,Demián Bichir
113,189,Theo Rossi
114,100,Johnny Depp
115,159,Penélope Cruz
116,75,Ian McShane
117,97,Jessica Chastain
118,133,Mark Strong
119,68,Gugu Mbatha-Raw
120,34,Chris Pine
121,204,Zachary Quinto
122,105,Karl Urban
123,38,Daisy Ridley
124,98,John Boyega
125,157,Oscar Isaac
126,106,Kate Beckinsale
127,188,Theo James
128,191,Tobias Menzies
129,90,Jennifer Aniston
130,107,Kate Hudson
131,103,Julia Roberts
132,111,Keanu Reeves
133,139,Michael Nyqvist
134,4,Alfie Allen
135,36,Christian Bale
136,71,Heath Ledger
137,0,Aaron Eckhart
138,9,Andrew Garfield
139,2,Adam Driver
140,125,Liam Neeson
141,182,Stephen Lang
142,82,Jane Levy
143,48,Dylan Minnette
144,57,Emilia Clarke
145,172,Sam Claflin
146,84,Janet McTeer
147,65,Gemma Arterton
148,172,Sam Claflin
149,20,Bill Nighy
150,192,Tom Hanks
151,0,Aaron Eckhart
152,121,Laura Linney
153,16,Ben Affleck
154,72,Henry Cavill
155,8,Amy Adams
156,25,Brian Cox
157,56,Emile Hirsch
158,155,Ophelia Lovibond
159,58,Emily Blunt
160,69,Haley Bennett
161,162,Rebecca Ferguson
162,39,Dakota Johnson
163,81,Jamie Dornan
164,91,Jennifer Ehle
165,36,Christian Bale
166,73,Hugh Jackman
167,176,Scarlett Johansson
168,37,Colin Firth
169,187,Taron Egerton
170,175,Samuel L. Jackson
171,134,Mark Wahlberg
172,142,Michelle Monaghan
173,77,J.K. Simmons
174,193,Tom Hardy
175,30,Charlize Theron
176,150,Nicholas Hoult
177,26,Bryan Cranston
178,92,Jennifer Garner
179,198,Victoria Bruno
180,134,Mark Wahlberg
181,118,Kurt Russell
182,46,Douglas M. Griffin
183,157,Oscar Isaac
184,31,Charlotte Le Bon
185,36,Christian Bale
186,22,Brad Pitt
187,131,Marion Cotillard
188,85,Jared Harris
189,123,Lewis MacDougall
190,180,Sigourney Weaver
191,62,Felicity Jones
192,202,Will Smith
193,51,Edward Norton
194,108,Kate Winslet
195,67,Ginnifer Goodwin
196,87,Jason Bateman
197,76,Idris Elba
198,100,Johnny Depp
199,156,Orlando Bloom
200,112,Keira Knightley
201,164,Robert Downey Jr.
202,33,Chris Evans
203,176,Scarlett Johansson
204,22,Brad Pitt
205,44,Diane Kruger
206,52,Eli Roth
207,100,Johnny Depp
208,156,Orlando Bloom
209,112,Keira Knightley
210,19,Bill Murray
211,40,Dan Aykroyd
212,180,Sigourney Weaver
213,122,Leonardo DiCaprio
214,102,Joseph Gordon-Levitt
215,55,Elliot Page
216,199,Viggo Mortensen
217,66,George MacKay
218,174,Samantha Isler
219,122,Leonardo DiCaprio
220,101,Jonah Hill
221,130,Margot Robbie
222,16,Ben Affleck
223,167,Rosamund Pike
224,149,Neil Patrick Harris
225,35,Chris Pratt
226,27,Bryce Dallas Howard
227,197,Ty Simpkins
228,16,Ben Affleck
229,53,Elle Fanning
230,24,Brendan Gleeson
231,173,Sam Worthington
232,205,Zoe Saldana
233,180,Sigourney Weaver
234,175,Samuel L. Jackson
235,118,Kurt Russell
236,93,Jennifer Jason Leigh
237,16,Ben Affleck
238,11,Anna Kendrick
239,77,J.K. Simmons
240,73,Hugh Jackman
241,78,Jake Gyllenhaal
242,201,Viola Davis
243,195,Travis Fimmel
244,158,Paula Patton
245,17,Ben Foster
246,201,Viola Davis
247,59,Emma Stone
248,154,Octavia Spencer
249,101,Jonah Hill
250,145,Miles Teller
251,183,Steve Lantz
252,164,Robert Downey Jr.
253,33,Chris Evans
254,132,Mark Ruffalo
255,169,Russell Crowe
256,170,Ryan Gosling
257,10,Angourie Rice
258,1,Aaron Poole
259,113,Kenneth Welsh
260,54,Ellen Wong
261,116,Kristen Stewart
262,120,Lars Eidinger
263,181,Sigrid Bouaziz
