,Country_ID,Country
0,20,United States
1,19,United Kingdom
2,20,United States
3,20,United States
4,11,Japan
5,11,Japan
6,20,United States
7,5,France
8,20,United States
9,20,United States
10,3,China
11,8,Hong Kong
12,0,Australia
13,2,Canada
14,20,United States
15,8,Hong Kong
16,20,United States
17,20,United States
18,0,Australia
19,19,United Kingdom
20,20,United States
21,20,United States
22,20,United States
23,20,United States
24,20,United States
25,16,Spain
26,2,Canada
27,15,South Korea
28,20,United States
29,11,Japan
30,5,France
31,0,Australia
32,20,United States
33,19,United Kingdom
34,3,China
35,20,United States
36,3,China
37,16,Spain
38,11,Japan
39,6,Germany
40,0,Australia
41,19,United Kingdom
42,20,United States
43,10,India
44,20,United States
45,2,Canada
46,20,United States
47,20,United States
48,20,United States
49,10,India
50,20,United States
51,20,United States
52,3,China
53,20,United States
54,5,France
55,19,United Kingdom
56,8,Hong Kong
57,18,Taiwan
58,12,Malta
59,16,Spain
60,2,Canada
61,20,United States
62,20,United States
63,3,China
64,20,United States
65,20,United States
66,6,Germany
67,2,Canada
68,20,United States
69,20,United States
70,19,United Kingdom
71,2,Canada
72,20,United States
73,20,United States
74,0,Australia
75,20,United States
76,2,Canada
77,20,United States
78,20,United States
79,7,Greece
80,20,United States
81,20,United States
82,19,United Kingdom
83,19,United Kingdom
84,5,France
85,2,Canada
86,20,United States
87,20,United States
88,3,China
89,20,United States
90,20,United States
91,20,United States
92,20,United States
93,19,United Kingdom
94,3,China
95,20,United States
96,19,United Kingdom
97,20,United States
98,19,United Kingdom
99,18,Taiwan
100,11,Japan
101,13,Mexico
102,20,United States
103,9,Hungary
104,19,United Kingdom
105,20,United States
106,19,United Kingdom
107,17,Sweden
108,5,France
109,20,United States
110,20,United States
111,19,United Kingdom
112,20,United States
113,10,India
114,20,United States
115,19,United Kingdom
116,20,United States
117,19,United Kingdom
118,20,United States
119,8,Hong Kong
120,20,United States
121,0,Australia
122,20,United States
123,20,United States
124,8,Hong Kong
125,3,China
126,16,Spain
127,20,United States
128,19,United Kingdom
129,20,United States
130,20,United States
131,16,Spain
132,19,United Kingdom
133,20,United States
134,20,United States
135,20,United States
136,20,United States
137,6,Germany
138,20,United States
139,20,United States
140,20,United States
141,20,United States
142,19,United Kingdom
143,20,United States
144,20,United States
145,20,United States
146,20,United States
147,20,United States
148,20,United States
149,20,United States
150,20,United States
151,20,United States
152,3,China
153,20,United States
154,2,Canada
155,11,Japan
156,20,United States
157,10,India
158,20,United States
159,14,Romania
160,20,United States
161,20,United States
162,2,Canada
163,5,France
164,6,Germany
165,4,Czech Republic
166,1,Belgium
