,Director_ID,Director
0,38,James Gunn
1,67,Ridley Scott
2,52,M. Night Shyamalan
3,28,Garth Jennings
4,10,Christophe Lourdelet
5,16,David Ayer
6,87,Yimou Zhang
7,15,Damien Chazelle
8,37,James Gray
9,58,Morten Tyldum
10,20,David Yates
11,82,Theodore Melfi
12,25,Gareth Edwards
13,72,Ron Clements
14,45,John Musker
15,22,Don Hall
16,59,Nacho Vigalondo
17,9,Chris Renaud
18,56,Mel Gibson
19,61,Paul Greengrass
20,27,Garth Davis
21,21,Denis Villeneuve
22,77,Stephen Gaghan
23,50,Kenneth Lonergan
24,57,Mike Mitchell
25,86,Walt Dohrn
26,71,Roland Emmerich
27,46,Jon Lucas
28,75,Scott Moore
29,48,Justin Kurzel
30,42,John Hamburg
31,85,Tom Ford
32,6,Bryan Singer
33,83,Tim Miller
34,62,Paul W.S. Anderson
35,2,Anthony Russo
36,41,Joe Russo
37,11,Christopher Nolan
38,74,Scott Derrickson
39,3,Antoine Fuqua
40,14,Conrad Vernon
41,32,Greg Tiernan
42,4,Barry Jenkins
43,43,John Lee Hancock
44,65,Ricardo de Montreuil
45,68,Rob Marshall
46,44,John Madden
47,49,Justin Lin
48,35,J.J. Abrams
49,1,Anna Foerster
50,26,Garry Marshall
51,8,Chad Stahelski
52,19,David Leitch
53,11,Christopher Nolan
54,53,Martin Scorsese
55,24,Fede Alvarez
56,81,Thea Sharrock
57,51,Lone Scherfig
58,12,Clint Eastwood
59,88,Zack Snyder
60,0,André Øvredal
61,79,Tate Taylor
62,73,Sam Taylor-Johnson
63,11,Christopher Nolan
64,55,Matthew Vaughn
65,63,Peter Berg
66,30,George Miller
67,70,Robin Swicord
68,63,Peter Berg
69,80,Terry George
70,69,Robert Zemeckis
71,34,J.A. Bayona
72,18,David Frankel
73,7,Byron Howard
74,66,Rich Moore
75,39,Jared Bush
76,31,Gore Verbinski
77,47,Joss Whedon
78,64,Quentin Tarantino
79,31,Gore Verbinski
80,33,Ivan Reitman
81,11,Christopher Nolan
82,54,Matt Ross
83,53,Martin Scorsese
84,17,David Fincher
85,13,Colin Trevorrow
86,5,Ben Affleck
87,36,James Cameron
88,64,Quentin Tarantino
89,29,Gavin O'Connor
90,21,Denis Villeneuve
91,23,Duncan Jones
92,79,Tate Taylor
93,84,Todd Phillips
94,47,Joss Whedon
95,76,Shane Black
96,40,Jeremy Gillespie
97,78,Steven Kostanski
98,60,Olivier Assayas
