,Genre_ID,Genre
0,0,Action
1,1,Adventure
2,4,Comedy
3,1,Adventure
4,12,Mystery
5,14,Sci-Fi
6,10,Horror
7,15,Thriller
8,2,Animation
9,4,Comedy
10,7,Family
11,0,Action
12,1,Adventure
13,8,Fantasy
14,0,Action
15,1,Adventure
16,8,Fantasy
17,4,Comedy
18,6,Drama
19,11,Music
20,1,Adventure
21,3,Biography
22,6,Drama
23,6,Drama
24,13,Romance
25,14,Sci-Fi
26,1,Adventure
27,7,Family
28,8,Fantasy
29,3,Biography
30,6,Drama
31,9,History
32,0,Action
33,1,Adventure
34,14,Sci-Fi
35,2,Animation
36,1,Adventure
37,4,Comedy
38,4,Comedy
39,6,Drama
40,8,Fantasy
41,2,Animation
42,1,Adventure
43,4,Comedy
44,3,Biography
45,6,Drama
46,9,History
47,0,Action
48,15,Thriller
49,3,Biography
50,6,Drama
51,6,Drama
52,12,Mystery
53,14,Sci-Fi
54,3,Biography
55,5,Crime
56,6,Drama
57,6,Drama
58,2,Animation
59,1,Adventure
60,4,Comedy
61,0,Action
62,1,Adventure
63,14,Sci-Fi
64,4,Comedy
65,0,Action
66,1,Adventure
67,14,Sci-Fi
68,4,Comedy
69,6,Drama
70,15,Thriller
71,0,Action
72,1,Adventure
73,14,Sci-Fi
74,0,Action
75,4,Comedy
76,0,Action
77,10,Horror
78,14,Sci-Fi
79,0,Action
80,14,Sci-Fi
81,1,Adventure
82,6,Drama
83,14,Sci-Fi
84,0,Action
85,1,Adventure
86,8,Fantasy
87,0,Action
88,1,Adventure
89,6,Drama
90,2,Animation
91,1,Adventure
92,4,Comedy
93,6,Drama
94,3,Biography
95,6,Drama
96,1,Adventure
97,5,Crime
98,6,Drama
99,0,Action
100,1,Adventure
101,8,Fantasy
102,6,Drama
103,0,Action
104,1,Adventure
105,14,Sci-Fi
106,0,Action
107,1,Adventure
108,14,Sci-Fi
109,0,Action
110,1,Adventure
111,8,Fantasy
112,4,Comedy
113,6,Drama
114,13,Romance
115,0,Action
116,5,Crime
117,15,Thriller
118,0,Action
119,5,Crime
120,6,Drama
121,6,Drama
122,9,History
123,5,Crime
124,10,Horror
125,15,Thriller
126,6,Drama
127,13,Romance
128,4,Comedy
129,6,Drama
130,13,Romance
131,3,Biography
132,6,Drama
133,0,Action
134,1,Adventure
135,14,Sci-Fi
136,10,Horror
137,12,Mystery
138,15,Thriller
139,5,Crime
140,6,Drama
141,12,Mystery
142,6,Drama
143,13,Romance
144,15,Thriller
145,6,Drama
146,12,Mystery
147,14,Sci-Fi
148,0,Action
149,1,Adventure
150,4,Comedy
151,0,Action
152,5,Crime
153,6,Drama
154,0,Action
155,1,Adventure
156,14,Sci-Fi
157,6,Drama
158,0,Action
159,6,Drama
160,9,History
161,0,Action
162,1,Adventure
163,6,Drama
164,0,Action
165,6,Drama
166,13,Romance
167,1,Adventure
168,6,Drama
169,7,Family
170,6,Drama
171,13,Romance
172,2,Animation
173,1,Adventure
174,4,Comedy
175,0,Action
176,1,Adventure
177,8,Fantasy
178,0,Action
179,14,Sci-Fi
180,1,Adventure
181,6,Drama
182,16,War
183,0,Action
184,1,Adventure
185,8,Fantasy
186,0,Action
187,4,Comedy
188,8,Fantasy
189,0,Action
190,1,Adventure
191,14,Sci-Fi
192,4,Comedy
193,6,Drama
194,3,Biography
195,4,Comedy
196,5,Crime
197,6,Drama
198,12,Mystery
199,15,Thriller
200,0,Action
201,1,Adventure
202,14,Sci-Fi
203,0,Action
204,5,Crime
205,6,Drama
206,0,Action
207,1,Adventure
208,8,Fantasy
209,5,Crime
210,6,Drama
211,12,Mystery
212,0,Action
213,15,Thriller
214,5,Crime
215,6,Drama
216,12,Mystery
217,0,Action
218,1,Adventure
219,8,Fantasy
220,6,Drama
221,3,Biography
222,4,Comedy
223,5,Crime
224,0,Action
225,1,Adventure
226,14,Sci-Fi
227,0,Action
228,4,Comedy
229,5,Crime
230,10,Horror
231,12,Mystery
232,14,Sci-Fi
233,12,Mystery
234,15,Thriller
