,Language_ID,Language
0,8,English
1,8,English
2,11,Gaelic
3,8,English
4,8,English
5,18,Japanese
6,8,English
7,18,Japanese
8,29,Spanish
9,8,English
10,21,Mandarin
11,29,Spanish
12,8,English
13,4,Cantonese
14,8,English
15,25,Portuguese
16,31,Tupi
17,29,Spanish
18,12,German
19,8,English
20,29,Spanish
21,18,Japanese
22,10,French
23,8,English
24,5,Central Khmer
25,8,English
26,8,English
27,8,English
28,10,French
29,8,English
30,19,Korean
31,8,English
32,8,English
33,18,Japanese
34,8,English
35,13,Greek
36,12,German
37,18,Japanese
38,8,English
39,14,Hindi
40,3,Bengali
41,27,Russian
42,21,Mandarin
43,8,English
44,8,English
45,16,Indonesian
46,8,English
47,8,English
48,8,English
49,21,Mandarin
50,8,English
51,8,English
52,29,Spanish
53,1,Arabic
54,8,English
55,5,Central Khmer
56,8,English
57,8,English
58,24,Polish
59,12,German
60,1,Arabic
61,7,Egyptian (Ancient)
62,8,English
63,8,English
64,8,English
65,12,German
66,33,Xhosa
67,27,Russian
68,26,Romanian
69,8,English
70,8,English
71,8,English
72,22,North American Indian
73,29,Spanish
74,8,English
75,8,English
76,8,English
77,34,Yiddish
78,8,English
79,8,English
80,29,Spanish
81,8,English
82,8,English
83,8,English
84,8,English
85,28,Saami
86,8,English
87,29,Spanish
88,8,English
89,27,Russian
90,15,Hungarian
91,8,English
92,21,Mandarin
93,8,English
94,18,Japanese
95,20,Latin
96,8,English
97,8,English
98,10,French
99,8,English
100,15,Hungarian
101,24,Polish
102,10,French
103,8,English
104,8,English
105,8,English
106,8,English
107,29,Spanish
108,8,English
109,8,English
110,8,English
111,1,Arabic
112,30,Swedish
113,8,English
114,6,Chinese
115,1,Arabic
116,8,English
117,27,Russian
118,8,English
119,8,English
120,8,English
121,2,Armenian
122,12,German
123,10,French
124,32,Turkish
125,8,English
126,10,French
127,12,German
128,1,Arabic
129,8,English
130,8,English
131,8,English
132,8,English
133,8,English
134,27,Russian
135,8,English
136,12,German
137,10,French
138,17,Italian
139,8,English
140,32,Turkish
141,13,Greek
142,21,Mandarin
143,10,French
144,8,English
145,8,English
146,18,Japanese
147,10,French
148,8,English
149,9,Esperanto
150,12,German
151,6,Chinese
152,8,English
153,10,French
154,8,English
155,8,English
156,8,English
157,29,Spanish
158,8,English
159,29,Spanish
160,8,English
161,29,Spanish
162,10,French
163,23,Persian
164,8,English
165,16,Indonesian
166,10,French
167,8,English
168,8,English
169,8,English
170,8,English
171,1,Arabic
172,0,Albanian
173,26,Romanian
174,8,English
175,19,Korean
176,8,English
177,12,German
178,8,English
179,8,English
180,10,French
181,30,Swedish
182,12,German
