,Writer_ID,Writer
0,72,James Gunn
1,122,Nicole Perlman
2,36,Dan Abnett
3,87,Jon Spaihts
4,35,Damon Lindelof
5,38,Dan O'Bannon
6,105,M. Night Shyamalan
7,57,Garth Jennings
8,39,David Ayer
9,83,John Ostrander
10,21,Carlo Bernard
11,47,Doug Miro
12,171,Tony Gilroy
13,34,Damien Chazelle
14,71,James Gray
15,41,David Grann
16,87,Jon Spaihts
17,67,J.K. Rowling
18,4,Allison Schroeder
19,166,Theodore Melfi
20,106,Margot Lee Shetterly
21,26,Chris Weitz
22,171,Tony Gilroy
23,81,John Knoll
24,74,Jared Bush
25,142,Ron Clements
26,82,John Musker
27,118,Nacho Vigalondo
28,31,Cinco Paul
29,97,Ken Daurio
30,17,Brian Lynch
31,138,Robert Schenkkan
32,6,Andrew Knight
33,126,Paul Greengrass
34,30,Christopher Rouse
35,137,Robert Ludlum
36,143,Saroo Brierley
37,104,Luke Davies
38,52,Eric Heisserer
39,161,Ted Chiang
40,124,Patrick Massett
41,84,John Zinman
42,98,Kenneth Lonergan
43,89,Jonathan Aibel
44,61,Glenn Berger
45,53,Erica Rivinoja
46,121,Nicolas Wright
47,69,James A. Woods
48,43,Dean Devlin
49,86,Jon Lucas
50,145,Scott Moore
51,117,Michael Lesslie
52,1,Adam Cooper
53,13,Bill Collage
54,80,John Hamburg
55,65,Ian Helfer
56,88,Jonah Hill
57,169,Tom Ford
58,10,Austin Wright
59,150,Simon Kinberg
60,18,Bryan Singer
61,116,Michael Dougherty
62,132,Rhett Reese
63,128,Paul Wernick
64,127,Paul W.S. Anderson
65,27,Christopher Markus
66,155,Stephen McFeely
67,79,Joe Simon
68,90,Jonathan Nolan
69,28,Christopher Nolan
70,87,Jon Spaihts
71,144,Scott Derrickson
72,20,C. Robert Cargill
73,2,Akira Kurosawa
74,148,Shinobu Hashimoto
75,63,Hideo Oguni
76,100,Kyle Hunter
77,9,Ariel Shaffir
78,146,Seth Rogen
79,11,Barry Jenkins
80,159,Tarell Alvin McCraney
81,139,Robert Siegel
82,51,Elgin James
83,23,Cheo Hodari Coker
84,162,Ted Elliott
85,165,Terry Rossio
86,158,Stuart Beattie
87,91,Jonathan Perera
88,151,Simon Pegg
89,46,Doug Jung
90,58,Gene Roddenberry
91,102,Lawrence Kasdan
92,66,J.J. Abrams
93,115,Michael Arndt
94,33,Cory Goodman
95,101,Kyle Ward
96,99,Kevin Grevioux
97,8,Anya Kochoff
98,114,Matthew Walker
99,170,Tom Hines
100,45,Derek Kolstad
101,90,Jonathan Nolan
102,28,Christopher Nolan
103,42,David S. Goyer
104,76,Jay Cocks
105,108,Martin Scorsese
106,149,Shûsaku Endô
107,55,Fede Alvarez
108,141,Rodo Sayagues
109,85,Jojo Moyes
110,103,Lissa Evans
111,56,Gaby Chiappe
112,167,Todd Komarnicki
113,24,Chesley Sullenberger
114,77,Jeffrey Zaslow
115,25,Chris Terrio
116,42,David S. Goyer
117,15,Bob Kane
118,64,Ian Goldberg
119,134,Richard Naing
120,54,Erin Cressida Wilson
121,129,Paula Hawkins
122,96,Kelly Marcel
123,50,E.L. James
124,90,Jonathan Nolan
125,28,Christopher Nolan
126,29,Christopher Priest
127,73,Jane Goldman
128,113,Matthew Vaughn
129,107,Mark Millar
130,130,Peter Berg
131,109,Matt Cook
132,93,Joshua Zetumer
133,59,George Miller
134,16,Brendan McCarthy
135,120,Nick Lathouris
136,49,E.L. Doctorow
137,140,Robin Swicord
138,119,Nathaniel Hawthorne
139,111,Matthew Michael Carnahan
140,112,Matthew Sand
141,40,David Barstow
142,164,Terry George
143,140,Robin Swicord
144,156,Steven Knight
145,125,Patrick Ness
146,152,Siobhan Dowd
147,3,Allan Loeb
148,19,Byron Howard
149,133,Rich Moore
150,74,Jared Bush
151,162,Ted Elliott
152,165,Terry Rossio
153,158,Stuart Beattie
154,94,Joss Whedon
155,172,Zak Penn
156,131,Quentin Tarantino
157,162,Ted Elliott
158,165,Terry Rossio
159,158,Stuart Beattie
160,37,Dan Aykroyd
161,62,Harold Ramis
162,136,Rick Moranis
163,28,Christopher Nolan
164,110,Matt Ross
165,163,Terence Winter
166,92,Jordan Belfort
167,60,Gillian Flynn
168,135,Rick Jaffa
169,5,Amanda Silver
170,32,Colin Trevorrow
171,12,Ben Affleck
172,44,Dennis Lehane
173,70,James Cameron
174,131,Quentin Tarantino
175,14,Bill Dubuque
176,0,Aaron Guzikowski
177,22,Charles Leavitt
178,48,Duncan Jones
179,160,Tate Taylor
180,95,Kathryn Stockett
181,154,Stephen Chin
182,168,Todd Phillips
183,75,Jason Smilovic
184,94,Joss Whedon
185,153,Stan Lee
186,68,Jack Kirby
187,147,Shane Black
188,7,Anthony Bagarozzi
189,78,Jeremy Gillespie
190,157,Steven Kostanski
191,123,Olivier Assayas
